{"cameraMode":{"drawMode":0,"name":"Shaded","section":"Shading Mode"},"sceneLighting":true,"audioPlay":false,"sceneViewState":{"m_AlwaysRefresh":false,"showFog":true,"showSkybox":true,"showFlares":true,"showImageEffects":true,"showParticleSystems":true,"showVisualEffectGraphs":true,"m_FxEnabled":true},"in2DMode":false,"pivot":{"x":960.3094482421875,"y":448.3170166015625,"z":12.5401611328125},"rotation":{"x":0.01799904555082321,"y":0.0044993627816438679,"z":-0.00008101127605186775,"w":0.9998278021812439},"size":772.8800659179688,"orthographic":false}